food_name,calories_kcal,carbohydrates_g,protein_g,fat_g,fiber_g
Oats Porridge,258,33.75,4.7,11.58,3.65
Fruit Salad,104,6.05,7.03,5.74,11.73
Egg Omelette,210,39.55,8.38,2.03,10.94
Grilled Chicken,366,13.05,34.22,19.66,4.67
Paneer Curry,431,22.62,30.59,24.24,2.05
Vegetable Khichdi,118,0.0,12.4,9.31,5.97
Idli,185,26.85,15.89,1.56,8.01
Dosa,158,20.1,2.93,7.32,7.65
Curd Rice,347,37.77,20.7,12.57,11.74
Vegetable Biryani,449,55.93,25.38,13.75,13.13
Rice and Dal,415,63.18,8.35,14.32,6.4
Rice and Dal,269,5.36,22.63,17.45,14.13
Rice and Dal,210,0.0,3.96,23.67,11.02
Fruit Salad,265,31.98,11.57,10.09,8.12
Oats Porridge,81,0.0,14.26,10.51,14.92
Egg Omelette,159,0.0,20.85,19.4,12.74
Grilled Chicken,295,27.13,7.6,17.34,7.62
Rice and Dal,130,5.33,24.51,1.18,8.1
Fruit Salad,129,0.0,30.61,9.58,6.26
Idli,220,7.31,3.14,19.8,3.01
Fish Curry,226,4.97,29.23,9.91,14.81
Idli,186,0.0,4.56,24.19,2.63
Grilled Chicken,185,5.55,18.45,9.89,2.92
Curd Rice,220,6.27,14.76,15.1,11.6
Curd Rice,308,51.1,13.14,5.67,15.0
Dosa,352,73.44,5.74,3.92,8.7
Oats Porridge,368,63.2,24.8,1.78,4.62
Rice and Dal,87,0.0,26.6,5.02,9.77
Curd Rice,316,55.37,13.57,4.47,12.51
Egg Omelette,272,15.72,5.32,20.87,13.05
Grilled Chicken,331,23.97,13.58,20.09,6.89
Vegetable Khichdi,181,28.95,4.89,5.07,8.09
Idli,190,7.36,7.4,14.55,11.34
Egg Omelette,119,0.0,13.29,22.57,1.74
Fruit Salad,127,0.0,12.55,24.67,6.38
Vegetable Soup,217,31.48,9.13,6.06,6.27
Egg Omelette,186,20.34,7.06,8.49,13.34
Vegetable Biryani,89,0.0,11.26,6.65,2.59
Vegetable Biryani,289,32.0,6.7,14.91,8.81
Egg Omelette,151,0.0,25.55,22.18,14.87
Fruit Salad,189,0.0,26.37,19.42,4.82
Rice and Dal,387,74.5,9.34,5.74,12.77
Vegetable Biryani,183,0.0,11.84,24.36,3.45
Curd Rice,178,0.0,29.84,18.82,2.97
Oats Porridge,410,30.06,24.96,21.1,14.03
Chapati with Curry,405,64.59,10.36,11.69,1.62
Vegetable Biryani,318,58.0,19.05,1.09,12.7
Egg Omelette,286,0.0,31.71,18.33,13.88
Vegetable Biryani,229,2.77,21.92,14.47,5.07
Egg Omelette,436,90.22,15.36,1.52,12.57
Dosa,131,1.34,26.78,2.06,11.03
Vegetable Upma,101,0.0,21.96,5.44,7.3
Vegetable Soup,409,31.23,25.34,20.3,14.57
Vegetable Soup,194,0.0,18.7,23.69,3.7
Grilled Chicken,310,28.3,20.29,12.85,8.07
Curd Rice,403,84.28,13.45,1.34,13.99
Dosa,222,18.55,13.62,10.37,6.42
Chapati with Curry,389,36.63,7.59,23.57,3.39
Curd Rice,82,0.0,27.24,11.52,3.1
Chapati with Curry,410,64.38,32.85,2.34,6.59
Vegetable Khichdi,297,16.68,13.29,19.68,8.16
Chapati with Curry,244,36.32,8.05,7.39,3.62
Fruit Salad,331,56.98,13.6,5.41,8.89
Chapati with Curry,112,0.0,32.14,10.31,12.41
Vegetable Soup,260,28.98,28.26,3.45,13.18
Fruit Salad,313,38.64,13.2,11.74,7.78
Vegetable Upma,241,44.0,5.83,4.63,11.18
Dosa,90,0.0,8.03,9.77,14.74
Fish Curry,140,3.03,28.28,1.64,1.65
Curd Rice,408,70.61,22.05,4.15,13.91
Vegetable Upma,244,0.0,18.24,23.96,8.29
Curd Rice,283,45.92,8.22,7.38,1.03
Paneer Curry,330,57.62,7.58,7.69,1.73
Dosa,395,30.95,15.98,23.03,6.91
Fruit Salad,341,35.28,4.43,20.24,8.41
Vegetable Khichdi,248,13.59,7.93,17.99,14.05
Dosa,435,69.5,9.3,13.31,4.92
Vegetable Upma,292,0.0,32.47,21.31,10.64
Vegetable Upma,249,0.0,30.51,17.35,11.64
Dosa,444,77.33,7.44,11.66,8.36
Dosa,234,0.0,33.31,15.56,13.69
Vegetable Khichdi,368,31.51,13.15,21.04,4.88
Paneer Curry,213,0.0,29.55,11.88,8.97
Grilled Chicken,146,0.0,28.36,7.21,1.82
Dosa,189,15.39,9.74,9.83,1.76
Curd Rice,344,76.62,6.14,1.44,4.82
Rice and Dal,388,36.88,8.71,22.85,12.02
Fish Curry,110,0.0,18.4,18.54,11.21
Vegetable Soup,95,0.0,20.0,9.77,12.53
Vegetable Upma,213,0.0,10.9,23.33,2.39
Vegetable Soup,228,0.0,32.77,23.2,10.1
Fruit Salad,162,0.0,31.62,6.81,2.82
Rice and Dal,150,0.0,33.75,3.42,5.02
Oats Porridge,405,64.51,25.94,4.8,10.66
Fish Curry,86,0.0,27.97,1.77,8.03
Grilled Chicken,359,26.05,26.01,16.75,4.65
Fruit Salad,125,0.0,25.29,4.35,12.16
Grilled Chicken,244,11.78,29.64,8.7,9.03
Vegetable Khichdi,429,53.84,31.45,9.76,9.03
Dosa,120,0.0,18.54,20.24,1.16
Chapati with Curry,233,13.84,25.65,8.34,3.83
Vegetable Khichdi,139,0.0,18.96,18.11,4.21
Chapati with Curry,142,0.0,26.11,12.13,10.54
Fish Curry,105,0.0,30.44,5.64,6.6
Vegetable Khichdi,365,51.11,17.03,10.27,9.01
Fruit Salad,366,69.18,15.41,3.07,3.55
Rice and Dal,373,17.97,27.47,21.25,8.07
Fish Curry,248,8.48,3.41,22.27,4.16
Vegetable Soup,317,47.58,9.42,9.89,14.9
Fruit Salad,321,24.43,20.61,15.65,10.04
Chapati with Curry,444,85.37,13.73,5.29,1.22
Dosa,442,76.47,12.39,9.62,9.04
Rice and Dal,284,57.52,8.55,2.19,2.06
Vegetable Biryani,243,21.44,4.03,15.68,13.56
Vegetable Upma,415,69.71,4.99,12.91,6.82
Paneer Curry,288,46.77,21.54,1.64,2.17
Vegetable Biryani,383,50.47,2.76,18.9,2.86
Curd Rice,364,37.09,2.54,22.83,5.84
Oats Porridge,95,0.0,27.75,4.01,7.82
Vegetable Biryani,122,0.0,21.19,21.89,8.47
Curd Rice,449,32.33,25.47,24.2,7.55
Vegetable Upma,283,13.33,21.76,15.85,5.46
Rice and Dal,416,38.59,11.14,24.12,11.64
Chapati with Curry,307,18.33,23.93,15.33,13.24
Vegetable Khichdi,85,0.0,6.78,14.23,14.73
Rice and Dal,447,91.23,5.62,6.62,14.63
Fruit Salad,272,0.0,19.98,23.64,4.25
Chapati with Curry,202,0.24,5.42,19.93,8.82
Chapati with Curry,380,61.78,18.19,6.68,3.35
Idli,185,0.87,7.51,16.83,9.1
Grilled Chicken,162,0.0,17.05,18.6,9.0
Egg Omelette,94,0.0,34.36,5.88,9.48
Vegetable Khichdi,109,0.0,12.8,15.66,6.52
Oats Porridge,350,45.22,6.87,15.74,9.79
Chapati with Curry,161,0.0,11.46,23.4,13.61
Egg Omelette,106,0.0,28.63,18.31,11.5
Egg Omelette,94,0.0,11.36,15.67,13.73
Fish Curry,212,13.31,3.13,16.25,13.12
Egg Omelette,285,33.42,10.74,12.04,2.47
Fruit Salad,123,0.0,25.5,7.49,14.67
Vegetable Soup,193,9.42,19.75,8.48,1.18
Idli,82,0.0,9.98,8.0,11.78
Chapati with Curry,131,0.0,33.9,6.09,11.09
Oats Porridge,97,4.18,16.88,1.42,8.83
Vegetable Soup,83,0.0,2.98,23.88,4.26
Vegetable Soup,219,12.85,23.09,8.36,10.26
Vegetable Soup,199,0.0,3.59,21.94,8.94
Fruit Salad,380,41.18,29.9,10.63,13.1
Paneer Curry,419,62.01,29.6,5.84,4.32
Idli,116,0.0,30.39,16.13,4.19
Vegetable Soup,439,46.14,32.24,13.94,5.92
Oats Porridge,410,70.45,11.6,9.09,11.06
Vegetable Biryani,409,17.68,34.51,22.25,14.06
Fish Curry,328,32.27,17.94,14.13,12.22
Idli,341,37.75,31.23,7.23,8.0
Paneer Curry,265,21.42,10.74,15.15,7.38
Dosa,296,44.34,25.48,1.86,5.36
Dosa,130,17.41,8.61,2.88,2.86
Oats Porridge,231,7.38,4.72,20.29,14.47
Vegetable Soup,156,18.01,12.24,3.89,8.96
Egg Omelette,233,1.8,16.27,17.86,2.92
Vegetable Upma,156,0.0,3.59,19.85,11.85
Vegetable Upma,104,0.0,11.33,17.04,2.07
Fish Curry,140,0.0,16.3,13.44,5.26
Rice and Dal,276,11.09,8.7,21.87,2.79
Vegetable Soup,315,39.93,28.74,4.48,4.55
Egg Omelette,351,69.42,11.89,2.86,2.64
Paneer Curry,187,10.13,14.28,9.93,12.52
Paneer Curry,334,56.4,7.28,8.81,14.3
Vegetable Khichdi,121,0.0,10.85,17.56,7.39
Fruit Salad,323,51.38,2.96,11.74,14.85
Oats Porridge,118,0.0,23.21,4.86,14.52
Dosa,196,0.0,28.08,15.43,10.48
Vegetable Soup,228,0.0,33.62,24.71,1.98
Vegetable Upma,112,0.0,17.4,18.55,7.45
Vegetable Khichdi,261,13.5,22.95,12.8,13.06
Fruit Salad,334,29.65,22.8,13.8,5.63
Oats Porridge,362,53.42,25.29,5.24,1.48
Oats Porridge,84,0.0,7.6,11.02,4.98
Curd Rice,391,45.06,25.01,12.3,10.06
Fish Curry,139,0.0,10.78,17.56,13.28
Vegetable Upma,431,82.06,3.84,9.71,10.57
Dosa,330,12.77,27.45,18.79,7.58
Curd Rice,343,8.94,27.78,21.79,5.06
Oats Porridge,415,61.17,11.37,13.87,6.99
Paneer Curry,381,21.6,28.4,20.11,13.38
Vegetable Upma,380,21.95,20.6,23.31,3.34
Grilled Chicken,242,34.41,21.91,1.86,4.4
Grilled Chicken,221,9.8,17.14,12.58,14.98
Rice and Dal,443,68.91,7.82,15.12,10.0
Vegetable Upma,324,20.4,31.62,12.88,10.78
Chapati with Curry,374,63.49,23.28,2.99,7.54
Paneer Curry,324,42.08,19.88,8.46,6.45
Dosa,403,49.71,7.14,19.51,8.79
Vegetable Biryani,207,3.28,17.4,13.81,5.9
Vegetable Biryani,151,0.0,9.92,24.43,9.45
Egg Omelette,129,0.0,28.77,9.66,1.34
Oats Porridge,312,50.34,4.15,10.45,8.99
Fruit Salad,421,53.84,30.49,9.3,3.59
Vegetable Soup,365,50.28,8.93,14.24,4.3
Vegetable Soup,252,18.95,28.59,6.87,9.52
Grilled Chicken,332,41.3,32.72,3.99,7.17
Grilled Chicken,303,26.64,13.61,15.78,7.08
Chapati with Curry,310,53.05,4.99,8.65,9.13
Chapati with Curry,123,0.0,23.69,20.33,5.27
Oats Porridge,372,41.25,10.46,18.35,4.88
Chapati with Curry,358,61.91,2.98,10.94,13.62
Dosa,228,42.23,4.64,4.5,13.72
Oats Porridge,301,10.11,25.18,17.76,2.86
Vegetable Khichdi,289,18.25,34.92,8.48,5.97
Vegetable Khichdi,365,38.74,33.7,8.36,6.47
Curd Rice,381,25.19,25.06,20.0,1.78
Vegetable Biryani,394,67.58,6.15,11.01,13.52
Chapati with Curry,100,0.0,28.25,19.14,10.91
Grilled Chicken,103,0.0,17.56,10.27,14.97
Fruit Salad,324,36.32,8.75,15.97,11.85
Paneer Curry,442,49.61,20.84,17.8,12.62
Vegetable Khichdi,149,0.0,31.35,19.5,9.83
Vegetable Biryani,285,23.23,6.87,18.29,6.08
Vegetable Soup,435,30.48,23.01,24.56,3.63
Grilled Chicken,205,8.05,29.86,5.93,12.39
Dosa,173,0.0,24.14,9.95,2.44
Vegetable Khichdi,323,50.78,13.72,7.22,5.85
Egg Omelette,251,12.63,4.65,20.21,4.42
Egg Omelette,384,13.65,29.32,23.57,4.98
Fish Curry,126,0.0,22.74,8.63,2.22
Rice and Dal,93,0.0,4.11,20.55,8.83
Idli,422,66.93,5.32,14.78,10.51
Grilled Chicken,177,0.0,18.86,20.24,2.6
Idli,100,2.62,2.63,8.78,4.12
Idli,291,19.14,28.77,11.04,6.63
Fish Curry,149,0.0,4.74,15.8,12.75
Fruit Salad,198,32.55,8.63,3.7,3.33
Chapati with Curry,446,65.99,32.03,5.99,3.13
Idli,431,56.78,27.03,10.64,12.58
Fish Curry,108,0.0,33.82,21.01,4.37
Chapati with Curry,159,0.0,23.0,11.72,7.11
Chapati with Curry,118,8.14,12.49,3.94,7.78
Vegetable Biryani,185,0.0,29.44,18.61,14.59
Fruit Salad,362,47.76,2.65,17.82,6.13
Grilled Chicken,219,25.05,7.79,9.74,11.83
Rice and Dal,146,0.0,33.04,10.37,4.78
Vegetable Soup,282,18.05,6.03,20.63,4.69
Fish Curry,420,58.26,13.33,14.85,4.02
Oats Porridge,430,94.03,3.71,4.34,5.65
Vegetable Khichdi,344,29.97,26.98,12.91,10.84
Egg Omelette,151,22.67,10.31,2.12,4.26
Grilled Chicken,354,41.67,11.77,15.58,4.64
Grilled Chicken,155,0.0,21.34,12.19,12.37
Chapati with Curry,113,0.0,23.84,24.42,9.66
Fish Curry,282,28.86,27.65,6.22,13.77
Idli,148,0.0,10.55,23.17,8.08
Dosa,108,18.46,3.16,2.39,8.42
Fish Curry,245,0.0,34.99,12.99,13.01
Grilled Chicken,398,62.61,26.81,4.48,8.15
Chapati with Curry,121,0.0,29.49,17.78,4.66
Egg Omelette,282,0.0,32.26,17.87,13.4
Vegetable Upma,375,43.08,27.9,10.12,2.66
Vegetable Soup,107,0.0,12.3,15.46,3.73
Rice and Dal,416,50.35,12.05,18.49,13.77
Vegetable Biryani,226,28.46,22.01,2.68,3.71
Vegetable Biryani,190,0.0,20.92,18.61,2.43
Oats Porridge,432,26.79,27.12,24.04,3.47
Vegetable Soup,246,28.64,28.0,2.16,14.79
Rice and Dal,347,60.04,8.37,8.15,3.12
Oats Porridge,404,35.67,15.27,22.25,12.62
Curd Rice,414,54.42,29.35,8.77,14.09
Chapati with Curry,419,78.41,17.56,3.9,1.88
Fish Curry,173,0.0,28.95,7.71,7.52
Curd Rice,285,31.88,23.82,6.91,5.7
Paneer Curry,275,36.92,12.84,8.44,8.98
Vegetable Biryani,434,60.88,5.73,18.62,8.04
Vegetable Biryani,285,0.0,22.78,23.16,10.33
Oats Porridge,332,67.68,2.79,5.57,4.68
Curd Rice,301,0.0,33.73,23.54,8.7
Chapati with Curry,123,0.0,17.62,22.47,4.86
Paneer Curry,304,19.83,31.94,10.77,4.07
Grilled Chicken,302,7.38,28.54,17.59,12.05
Vegetable Soup,240,0.0,32.74,18.53,3.96
Curd Rice,199,2.43,32.02,6.8,12.17
Grilled Chicken,443,94.81,10.09,2.6,13.16
Oats Porridge,266,22.53,21.43,10.02,5.2
Egg Omelette,126,0.0,11.87,17.46,6.05
Egg Omelette,297,39.68,22.44,5.39,12.09
Vegetable Khichdi,272,27.91,4.79,15.69,3.92
Fish Curry,294,19.39,22.59,14.01,12.14
Vegetable Soup,110,0.0,6.0,24.54,4.18
Paneer Curry,383,76.7,10.14,3.96,9.85
Vegetable Soup,122,0.0,15.25,7.08,5.43
Fruit Salad,268,0.0,27.45,24.02,13.53
Vegetable Biryani,444,51.55,6.17,23.68,12.76
Idli,361,25.63,33.23,13.95,5.31
Paneer Curry,150,4.92,9.56,10.23,3.08
Grilled Chicken,419,64.68,3.17,16.4,13.83
Rice and Dal,169,0.0,16.89,15.02,7.16
Oats Porridge,192,19.97,16.65,5.06,9.8
Paneer Curry,284,55.88,7.61,3.34,2.98
Vegetable Khichdi,204,38.11,7.33,2.47,14.73
Vegetable Upma,419,62.5,12.19,13.36,13.74
Idli,202,18.53,15.59,7.28,5.02
Chapati with Curry,429,49.14,32.59,11.34,3.53
Grilled Chicken,416,55.58,25.81,10.05,14.06
Rice and Dal,161,0.0,19.34,15.46,1.26
Rice and Dal,396,43.12,7.93,21.31,6.73
Idli,407,36.05,10.94,24.34,1.18
Vegetable Soup,239,7.51,26.66,11.37,4.31
Chapati with Curry,296,11.16,19.48,19.27,11.85
Fish Curry,333,33.01,25.87,10.83,7.69
Vegetable Khichdi,130,0.0,8.53,23.74,2.34
Idli,168,0.0,3.27,20.01,14.0
Vegetable Khichdi,292,0.0,32.95,24.43,14.11
Egg Omelette,250,27.4,23.81,5.02,8.87
Paneer Curry,229,2.21,10.87,19.63,4.04
Grilled Chicken,108,0.0,34.26,23.55,6.26
Vegetable Khichdi,303,48.67,4.74,9.93,3.86
Idli,434,40.01,15.82,23.41,3.25
Vegetable Khichdi,340,31.36,17.95,15.86,5.13
Vegetable Soup,328,54.11,9.08,8.36,9.56
Rice and Dal,332,15.22,12.61,24.52,8.28
Vegetable Khichdi,371,44.18,5.51,19.14,1.38
Vegetable Khichdi,131,14.85,7.21,4.75,7.76
Vegetable Upma,365,63.99,3.03,10.77,5.69
Vegetable Khichdi,337,20.17,26.73,16.6,5.64
Egg Omelette,320,36.76,27.51,6.99,2.48
Chapati with Curry,243,0.0,33.15,16.12,8.5
Fruit Salad,316,24.52,6.44,21.35,7.85
Fish Curry,303,11.95,33.85,13.31,12.79
Chapati with Curry,155,0.0,29.22,17.99,3.37
Curd Rice,174,26.91,12.83,1.67,4.55
Vegetable Khichdi,290,34.34,19.06,8.49,7.15
Curd Rice,395,25.06,23.56,22.28,14.07
Vegetable Upma,184,0.0,14.8,17.93,12.28
Dosa,237,0.0,9.97,24.55,4.34
Vegetable Biryani,373,51.98,11.64,13.17,12.34
Paneer Curry,199,20.98,5.95,10.14,9.49
Vegetable Upma,444,76.3,20.77,6.19,13.67
Rice and Dal,449,71.88,2.23,16.95,14.72
Dosa,443,56.76,23.12,13.72,13.77
Fruit Salad,100,4.59,9.03,5.06,5.79
Vegetable Biryani,385,52.76,15.59,12.4,6.3
Chapati with Curry,186,4.84,17.31,10.82,5.15
Egg Omelette,151,0.0,26.89,17.06,3.16
Vegetable Biryani,89,0.0,31.71,5.95,9.54
Fruit Salad,179,0.0,4.18,19.19,12.36
Vegetable Upma,163,0.0,16.1,11.18,5.11
Fish Curry,380,36.28,14.93,19.46,14.91
Rice and Dal,206,11.26,18.26,9.77,4.37
Vegetable Soup,257,16.57,21.51,11.63,8.64
Curd Rice,143,11.61,17.3,3.04,2.9
Fruit Salad,92,0.0,31.12,18.96,13.6
Idli,188,0.0,8.31,17.94,14.1
Fruit Salad,366,76.53,5.05,4.41,9.7
Idli,359,75.97,6.72,3.14,14.48
Vegetable Khichdi,129,0.0,9.83,21.68,8.93
Chapati with Curry,415,83.34,2.37,8.02,6.57
Chapati with Curry,117,0.0,3.15,16.33,11.64
Vegetable Biryani,209,0.0,33.09,17.67,1.94
Rice and Dal,302,41.3,17.75,7.31,13.79
Rice and Dal,351,24.64,21.87,18.33,13.7
Curd Rice,95,0.0,19.77,20.36,8.56
Grilled Chicken,384,52.17,15.97,12.38,1.15
Paneer Curry,390,45.84,18.92,14.55,13.26
Vegetable Soup,288,47.48,18.98,2.46,3.5
Rice and Dal,163,0.0,12.35,24.67,7.93
Fruit Salad,377,40.21,6.61,21.08,13.62
Oats Porridge,144,0.0,32.52,7.04,14.93
Egg Omelette,202,3.23,32.4,6.61,6.88
Vegetable Upma,107,0.0,32.82,10.93,14.91
Fruit Salad,264,29.15,17.86,8.44,4.24
Paneer Curry,216,0.0,14.89,24.16,11.69
Rice and Dal,138,0.0,20.01,14.08,14.68
Grilled Chicken,336,43.94,8.22,14.15,4.46
Vegetable Upma,142,0.0,28.18,23.91,10.62
Idli,245,0.0,6.87,24.51,4.34
Vegetable Biryani,202,0.0,28.71,24.48,14.69
Vegetable Biryani,162,17.28,15.77,3.31,14.71
Fish Curry,187,19.46,3.69,10.49,6.44
Chapati with Curry,81,7.59,7.53,2.28,11.05
Vegetable Khichdi,342,35.39,15.26,15.49,6.7
Chapati with Curry,113,0.0,23.77,6.04,2.19
Oats Porridge,111,0.0,9.01,17.5,3.81
Chapati with Curry,124,0.0,8.49,18.92,6.35
Fish Curry,428,83.14,21.32,1.13,9.81
Vegetable Biryani,136,0.0,11.21,14.3,11.67
Vegetable Soup,437,57.08,27.76,10.85,6.57
Curd Rice,172,0.0,34.85,23.69,6.0
Dosa,191,11.27,19.51,7.54,10.01
Vegetable Upma,307,10.68,25.32,18.11,2.73
Idli,401,56.66,15.26,12.59,6.15
Vegetable Khichdi,424,55.01,19.45,14.02,1.38
Curd Rice,121,0.0,18.71,24.24,8.79
Egg Omelette,300,46.3,4.6,10.71,14.71
Rice and Dal,281,20.97,19.65,13.17,11.49
Grilled Chicken,307,28.77,8.33,17.62,5.08
Grilled Chicken,449,77.5,2.21,14.46,10.05
Idli,410,76.32,20.89,2.35,14.86
Vegetable Soup,432,64.06,17.95,11.55,1.15
Idli,337,34.42,18.94,13.73,8.24
Vegetable Khichdi,263,0.0,17.09,23.89,13.3
Egg Omelette,350,9.49,27.09,22.63,2.1
Vegetable Upma,207,0.0,7.76,23.68,12.54
Egg Omelette,286,16.97,18.89,15.84,11.29
Rice and Dal,294,7.44,27.54,17.12,7.51
Vegetable Upma,129,0.0,32.51,12.32,6.31
Vegetable Upma,192,17.39,21.97,3.84,8.56
Rice and Dal,184,18.38,24.74,1.28,1.01
Vegetable Soup,361,52.99,10.42,11.93,13.05
Grilled Chicken,416,41.89,11.33,22.57,11.71
Idli,251,0.0,33.9,21.6,10.81
Paneer Curry,350,27.14,5.32,24.46,5.36
Vegetable Biryani,335,59.79,10.12,6.15,7.7
Idli,365,67.92,17.59,2.55,10.21
Paneer Curry,426,91.68,5.3,4.23,5.18
Dosa,329,28.17,5.86,21.43,8.14
Grilled Chicken,193,0.0,8.47,23.92,4.83
Curd Rice,417,40.71,31.97,14.03,12.42
Fruit Salad,89,0.0,9.86,22.23,11.57
Fruit Salad,366,51.08,34.14,2.79,14.54
Paneer Curry,309,7.14,33.86,16.11,3.01
Rice and Dal,262,2.16,24.78,17.14,12.77
Vegetable Upma,210,0.0,22.08,20.66,8.65
Egg Omelette,121,0.0,15.9,17.05,3.19
Idli,240,7.42,25.8,11.9,1.41
Paneer Curry,257,0.0,20.56,22.6,2.38
Curd Rice,133,0.0,28.29,14.27,12.7
Curd Rice,269,22.83,22.33,9.82,10.11
Egg Omelette,136,0.0,32.37,1.46,5.32
Fish Curry,287,52.66,13.58,2.45,13.99
Vegetable Upma,114,0.0,29.93,6.6,8.16
Idli,349,34.57,12.81,17.72,6.59
Fish Curry,379,24.35,28.35,18.69,13.13
Vegetable Soup,140,3.72,28.89,1.06,1.01
Vegetable Soup,310,32.41,6.07,17.34,1.57
Vegetable Soup,104,0.0,24.25,23.67,12.57
Vegetable Upma,82,0.0,31.4,15.41,5.1
Vegetable Upma,115,6.27,14.63,3.49,5.55
Fish Curry,110,0.0,4.58,18.25,4.26
Vegetable Soup,93,0.0,8.58,17.53,6.48
Dosa,120,0.0,26.65,16.06,11.8
Idli,410,58.13,27.61,7.45,3.1
Vegetable Khichdi,259,18.06,17.57,12.94,8.4
Grilled Chicken,269,28.22,12.46,11.81,1.92
Rice and Dal,280,10.08,13.41,20.67,4.42
Egg Omelette,205,21.07,16.97,5.87,10.35
Idli,237,0.0,14.81,22.94,3.49
Idli,356,78.39,7.84,1.23,11.51
Paneer Curry,254,34.9,7.2,9.51,12.98
Rice and Dal,216,23.36,22.25,3.73,10.13
Egg Omelette,321,9.23,25.73,20.13,1.9
Paneer Curry,127,0.0,18.41,16.81,3.35
Curd Rice,334,31.51,15.43,16.25,2.06
Rice and Dal,278,0.0,26.0,21.91,7.23
Idli,413,58.47,6.19,17.15,3.85
Vegetable Soup,314,24.83,6.49,20.97,4.66
Oats Porridge,411,92.07,2.87,3.47,2.79
Curd Rice,112,0.0,34.89,10.68,13.81
Curd Rice,114,0.0,4.31,15.62,3.15
Oats Porridge,424,54.77,27.54,10.53,14.67
Egg Omelette,325,30.36,9.15,18.55,10.68
Grilled Chicken,425,40.87,19.5,20.39,7.72
Fish Curry,121,0.0,28.26,8.1,7.94
Egg Omelette,133,0.0,8.16,17.01,12.1
Vegetable Upma,174,0.0,20.44,15.15,14.69
Curd Rice,202,33.85,10.6,2.69,12.1
Oats Porridge,92,0.0,31.2,1.14,8.25
Dosa,448,89.7,4.12,8.08,14.01
Vegetable Khichdi,122,0.0,21.42,16.06,8.21
Oats Porridge,421,26.36,33.08,20.36,5.44
Grilled Chicken,111,0.0,22.01,10.97,6.93
Vegetable Khichdi,239,34.52,10.36,6.61,8.88
Grilled Chicken,226,18.8,13.78,10.63,6.26
Idli,198,0.0,20.61,14.29,13.5
Idli,318,48.87,26.65,1.77,5.45
Vegetable Upma,253,0.0,20.41,24.52,4.05
Oats Porridge,263,32.6,7.03,11.61,3.65
Rice and Dal,187,7.98,5.72,14.69,6.13
Fruit Salad,360,19.27,28.5,18.77,14.55
Dosa,307,11.75,11.07,23.97,4.96
Fish Curry,156,20.05,12.33,2.94,10.85
Vegetable Biryani,297,34.39,16.03,10.59,6.65
Fish Curry,259,43.98,5.81,6.65,5.14
Grilled Chicken,247,8.02,20.9,14.59,3.48
Vegetable Biryani,99,3.79,8.2,5.67,11.88
Vegetable Soup,239,20.57,3.92,15.67,13.18
Oats Porridge,215,7.08,2.39,19.68,14.86
Oats Porridge,104,1.74,13.53,4.77,11.58
Fruit Salad,180,20.34,18.54,2.72,14.71
Dosa,438,83.35,19.47,2.97,1.61
Dosa,200,8.68,24.67,7.4,8.3
Paneer Curry,94,0.0,7.2,11.25,14.68
Vegetable Soup,424,65.85,24.15,7.11,12.7
Paneer Curry,187,32.54,5.03,4.08,1.92
Vegetable Biryani,84,0.0,20.54,18.31,7.11
Fish Curry,333,16.66,25.84,18.11,13.04
Vegetable Biryani,367,72.79,5.62,5.93,14.79
Grilled Chicken,364,13.74,27.02,22.33,7.87
Grilled Chicken,147,0.0,16.44,18.12,14.77
Oats Porridge,252,0.0,15.11,23.8,9.67
Egg Omelette,107,0.0,11.73,13.5,7.74
Egg Omelette,311,47.14,28.13,1.1,13.02
Oats Porridge,292,17.17,21.02,15.47,2.26
Vegetable Soup,406,34.52,24.5,18.88,13.69
Vegetable Upma,96,0.0,16.72,22.02,8.03
Oats Porridge,183,8.35,20.3,7.6,1.9
Grilled Chicken,222,0.0,19.5,19.84,12.98
Grilled Chicken,171,0.0,6.49,19.96,4.02
Fish Curry,298,41.1,3.36,13.35,5.83
Vegetable Biryani,344,36.08,18.74,13.86,12.26
Vegetable Soup,289,20.32,15.86,16.03,10.84
Curd Rice,319,41.56,17.4,9.24,6.69
Rice and Dal,118,4.72,18.12,2.96,10.53
Curd Rice,264,43.48,12.48,4.46,12.83
Vegetable Upma,321,32.93,7.02,17.91,3.38
Vegetable Soup,340,39.37,25.45,8.97,7.65
Vegetable Biryani,227,0.0,15.66,23.29,1.54
Paneer Curry,196,0.0,29.28,20.05,6.6
Idli,140,0.0,28.99,3.73,9.87
Dosa,425,41.2,12.65,23.29,13.19
Chapati with Curry,105,0.0,30.44,22.13,11.14
Vegetable Upma,119,0.0,24.16,9.57,3.78
Grilled Chicken,101,0.0,6.86,16.34,4.93
Paneer Curry,325,14.53,16.77,22.2,10.38
Grilled Chicken,151,0.0,34.2,14.32,9.94
Chapati with Curry,427,52.42,2.83,22.89,14.72
Paneer Curry,316,29.66,17.95,13.95,12.55
Egg Omelette,383,70.3,13.37,5.37,1.83
Vegetable Khichdi,99,0.81,12.51,5.08,9.41
Egg Omelette,175,11.52,18.35,6.17,13.77
Dosa,357,22.62,10.45,24.97,6.0
Idli,324,53.09,11.46,7.31,14.89
Paneer Curry,403,62.78,2.47,15.78,9.6
Fruit Salad,345,19.65,34.13,14.43,5.49
Paneer Curry,99,0.0,17.8,6.03,13.37
Vegetable Biryani,316,18.38,17.08,19.35,5.29
Vegetable Khichdi,423,43.75,23.68,17.03,12.23
Vegetable Biryani,347,23.07,19.72,19.54,14.15
Paneer Curry,212,0.0,34.3,18.36,5.25
Rice and Dal,330,2.0,25.04,24.65,14.79
Vegetable Soup,250,49.16,4.65,3.86,2.46
Fruit Salad,263,33.61,3.59,12.69,13.63
Curd Rice,371,49.42,23.03,9.02,10.91
Vegetable Khichdi,376,9.17,31.84,23.55,1.01
Vegetable Soup,213,0.0,15.11,18.65,2.18
Idli,375,25.05,25.12,19.37,6.75
Vegetable Khichdi,219,0.0,19.25,16.42,11.22
Vegetable Khichdi,130,3.91,3.25,11.26,4.57
Oats Porridge,407,77.82,10.54,5.95,1.05
Fish Curry,255,0.22,33.96,13.14,11.67
Oats Porridge,394,46.31,29.51,10.08,10.31
Dosa,102,0.0,14.03,21.68,11.32
Oats Porridge,335,40.53,17.84,11.28,6.82
Dosa,360,60.46,12.1,7.75,4.82
Idli,325,30.0,25.06,11.64,8.69
Vegetable Soup,371,24.58,20.85,21.03,9.11
Dosa,441,54.97,13.61,18.52,6.74
Vegetable Khichdi,235,26.48,24.93,3.26,5.21
Chapati with Curry,207,0.0,20.57,18.7,6.06
Paneer Curry,144,3.09,28.64,1.9,5.83
Vegetable Khichdi,335,27.63,25.9,13.43,3.48
Dosa,224,29.53,17.09,4.17,5.92
Fruit Salad,412,34.75,29.78,17.1,2.73
Dosa,156,0.0,16.16,12.03,13.68
Vegetable Soup,335,35.86,23.97,10.63,8.98
Vegetable Soup,210,42.78,5.49,1.88,8.97
Grilled Chicken,443,35.45,29.89,20.18,2.44
Rice and Dal,408,37.99,15.25,21.67,14.39
Rice and Dal,396,56.68,31.14,4.97,6.85
Egg Omelette,323,22.22,23.79,15.44,9.16
Fruit Salad,119,0.0,33.15,12.92,6.94
Vegetable Khichdi,142,0.65,24.21,4.73,10.35
Vegetable Khichdi,156,10.05,13.94,6.67,3.22
Vegetable Khichdi,334,55.12,21.61,3.01,11.9
Oats Porridge,294,23.66,31.93,7.96,7.06
Vegetable Soup,207,22.98,4.85,10.63,14.3
Chapati with Curry,163,0.0,17.2,21.97,14.25
Fish Curry,380,22.98,34.83,16.53,6.82
Paneer Curry,268,11.98,9.39,20.28,6.36
Vegetable Khichdi,218,30.55,12.7,5.0,11.33
Vegetable Biryani,351,57.24,5.6,11.07,2.96
Curd Rice,384,49.11,17.86,12.9,5.02
Chapati with Curry,380,11.54,32.16,22.8,8.89
Fruit Salad,148,14.09,16.12,3.02,6.58
Curd Rice,159,6.3,26.68,3.01,2.17
Vegetable Soup,333,46.45,12.28,10.9,4.29
Grilled Chicken,385,65.19,23.75,3.25,4.33
Oats Porridge,445,94.53,9.41,3.25,13.92
Rice and Dal,437,71.72,18.54,8.44,13.63
Dosa,208,0.0,32.4,9.21,14.58
Rice and Dal,445,88.16,15.13,3.54,3.52
Fruit Salad,109,0.0,17.53,19.88,4.14
Idli,102,0.0,8.12,23.03,13.38
Vegetable Khichdi,153,6.6,10.86,9.24,6.57
Vegetable Khichdi,372,31.89,10.46,22.51,6.39
Rice and Dal,163,0.0,24.22,21.16,11.68
Vegetable Khichdi,306,37.08,8.93,13.55,4.75
Grilled Chicken,261,10.0,29.55,11.42,14.5
Vegetable Biryani,119,0.0,28.32,4.67,10.66
Fruit Salad,108,0.0,22.7,4.14,1.67
Vegetable Soup,162,4.14,17.93,8.19,9.54
Rice and Dal,393,33.75,11.65,23.49,6.12
Paneer Curry,144,0.0,24.92,20.61,3.08
Egg Omelette,262,8.69,29.09,12.32,5.91
Vegetable Upma,391,26.7,31.45,17.6,1.07
Oats Porridge,113,0.0,26.93,9.42,7.85
Vegetable Soup,366,11.68,29.4,22.41,6.52
Oats Porridge,410,62.75,22.02,7.88,5.66
Rice and Dal,81,0.0,15.59,14.69,14.53
Oats Porridge,164,0.0,23.84,24.62,9.41
Fruit Salad,116,0.0,34.44,11.66,14.79
Fruit Salad,99,0.0,32.38,19.07,2.93
Vegetable Biryani,181,0.0,31.92,7.43,6.0
Fish Curry,134,0.0,34.12,1.45,11.5
Grilled Chicken,402,65.69,4.08,13.66,4.6
Oats Porridge,136,0.0,29.69,10.58,10.47
Vegetable Soup,428,53.23,21.26,14.45,5.77
Curd Rice,412,25.85,29.61,21.13,12.19
Chapati with Curry,330,0.0,34.66,21.81,11.14
Oats Porridge,175,0.0,27.52,7.95,2.93
Vegetable Biryani,396,47.92,16.95,15.17,6.88
Vegetable Khichdi,185,0.0,20.39,24.21,13.24
Oats Porridge,167,22.74,10.1,3.96,2.9
Fish Curry,400,47.0,23.07,13.3,13.51
Vegetable Soup,361,42.5,6.82,18.19,7.85
Idli,317,11.22,30.61,16.63,11.68
Rice and Dal,337,37.67,5.63,18.2,6.14
Dosa,332,54.08,3.99,11.08,5.0
Vegetable Soup,135,0.0,27.1,3.5,9.6
Fish Curry,362,35.3,25.34,13.27,14.12
Paneer Curry,284,1.27,18.45,22.79,10.17
Fish Curry,395,52.17,4.62,18.65,4.23
Fish Curry,217,16.02,8.06,13.41,6.45
Oats Porridge,390,57.11,19.35,9.35,2.28
Fruit Salad,341,42.48,2.43,17.93,1.25
Vegetable Upma,88,0.0,11.81,20.35,9.57
Chapati with Curry,445,38.77,27.05,20.19,3.41
Vegetable Upma,248,0.0,18.63,22.44,10.0
Rice and Dal,228,0.0,7.48,24.78,9.82
Curd Rice,388,66.46,21.38,4.07,10.46
Paneer Curry,150,0.33,26.06,4.94,11.5
Rice and Dal,101,0.0,30.78,10.97,4.07
Vegetable Soup,178,0.0,9.93,21.7,7.62
Paneer Curry,156,24.83,10.14,1.79,7.24
Dosa,300,28.62,24.06,9.92,4.6
Grilled Chicken,242,19.6,25.33,6.92,3.28
Grilled Chicken,155,0.0,18.69,19.88,9.47
Fish Curry,145,0.0,17.57,11.87,9.56
Vegetable Upma,368,45.28,4.04,18.97,13.13
Chapati with Curry,300,28.27,4.21,18.9,5.15
Chapati with Curry,228,0.0,28.62,19.87,3.48
Vegetable Soup,294,11.78,26.89,15.48,3.89
Egg Omelette,121,0.0,4.6,15.54,7.87
Dosa,411,68.16,20.01,6.48,5.95
Paneer Curry,85,0.0,17.49,24.75,7.07
Curd Rice,213,17.49,13.8,9.76,7.41
Vegetable Upma,152,0.0,28.42,8.01,7.04
Dosa,410,64.7,20.07,7.88,14.64
Curd Rice,349,43.56,3.28,17.96,11.39
Vegetable Biryani,450,90.12,8.29,6.26,5.28
Paneer Curry,126,0.0,34.51,4.41,1.04
Vegetable Upma,89,0.0,19.26,16.42,2.34
Idli,105,0.0,31.13,6.88,2.96
Vegetable Biryani,185,23.2,13.02,4.46,6.95
Vegetable Upma,319,28.95,34.69,7.16,6.76
Vegetable Khichdi,416,49.36,27.93,11.87,2.41
Chapati with Curry,166,0.0,7.23,21.8,4.9
Grilled Chicken,166,11.58,2.56,12.16,10.98
Oats Porridge,440,41.58,23.65,19.9,2.4
Vegetable Khichdi,111,0.0,31.38,9.83,9.34
Egg Omelette,235,0.0,34.65,14.59,3.32
Curd Rice,293,43.98,22.59,2.97,14.74
Dosa,82,0.0,8.13,9.42,11.87
Dosa,241,18.94,3.13,16.97,1.64
Vegetable Khichdi,192,0.0,23.05,16.96,11.01
Vegetable Soup,358,59.9,12.68,7.52,4.64
Paneer Curry,273,0.0,25.31,21.86,5.06
Dosa,224,0.0,28.34,17.74,12.61
Curd Rice,356,67.3,17.38,1.92,1.56
Fruit Salad,84,0.0,31.08,1.97,14.53
Oats Porridge,136,0.0,10.86,14.67,12.94
Idli,265,24.09,12.62,13.13,11.4
Vegetable Biryani,416,73.0,9.24,9.67,11.35
Idli,278,37.52,17.71,6.34,9.11
Chapati with Curry,331,69.6,9.73,1.52,14.84
Dosa,160,0.0,18.59,22.69,10.76
Oats Porridge,304,2.48,31.49,18.68,9.49
Paneer Curry,117,0.0,31.82,10.48,9.72
Idli,432,49.62,18.44,17.75,2.21
Vegetable Soup,114,0.0,17.44,23.44,8.31
Egg Omelette,266,34.22,22.58,4.31,13.22
Dosa,396,37.99,26.34,15.41,9.78
Idli,380,61.65,13.44,8.85,4.94
Dosa,196,0.0,14.25,21.75,9.91
Egg Omelette,108,0.0,20.49,19.91,9.31
Vegetable Biryani,326,64.39,8.92,3.64,10.19
Egg Omelette,174,0.74,3.34,17.52,5.39
Dosa,113,0.0,24.04,18.48,7.53
Grilled Chicken,442,53.49,10.23,20.79,13.41
Fish Curry,381,15.97,27.13,23.18,12.96
Fruit Salad,170,0.0,34.95,16.13,9.39
Vegetable Upma,193,0.0,29.27,14.17,4.51
Curd Rice,405,62.17,10.26,12.81,7.42
Curd Rice,93,0.0,3.75,19.19,6.14
Vegetable Soup,233,24.48,21.89,5.28,11.42
Vegetable Soup,233,1.52,13.21,19.34,13.69
Fish Curry,439,53.98,11.04,19.88,5.66
Oats Porridge,103,0.0,28.1,20.6,8.93
Fruit Salad,357,48.94,17.47,10.15,8.76
Paneer Curry,321,9.9,18.31,23.13,11.15
Grilled Chicken,242,45.54,4.95,4.45,8.88
Paneer Curry,364,66.9,21.6,1.11,14.1
Vegetable Upma,120,0.0,15.33,21.94,1.76
Chapati with Curry,295,37.33,5.51,13.74,9.07
Egg Omelette,367,32.37,25.36,15.12,7.64
Fruit Salad,262,3.6,12.96,21.75,1.53
Vegetable Upma,97,0.0,31.71,15.27,3.4
Vegetable Biryani,376,23.96,23.35,20.75,8.66
Vegetable Biryani,393,32.7,34.12,13.97,9.06
Paneer Curry,144,20.89,7.08,3.57,13.96
Oats Porridge,84,0.0,33.33,23.99,1.82
Vegetable Khichdi,225,0.0,19.96,17.06,7.09
Vegetable Biryani,187,0.0,33.47,12.55,14.96
Egg Omelette,170,0.0,31.72,15.07,8.52
Fruit Salad,185,4.67,25.06,7.34,9.41
Egg Omelette,329,22.65,26.57,14.68,9.6
Chapati with Curry,312,6.76,25.14,20.49,3.37
Rice and Dal,402,81.51,7.58,5.07,10.01
Egg Omelette,373,64.64,11.78,7.48,2.59
Rice and Dal,428,57.84,9.25,17.74,10.52
Dosa,252,13.83,16.68,14.44,2.07
Egg Omelette,195,0.0,26.47,12.72,14.42
Egg Omelette,175,1.09,34.24,3.74,10.34
Fruit Salad,88,0.0,6.54,13.78,5.85
Curd Rice,357,46.69,24.99,7.81,8.89
Vegetable Khichdi,347,27.94,16.89,18.63,7.31
Fruit Salad,139,0.0,29.65,24.99,7.45
Chapati with Curry,219,45.56,2.89,2.8,6.0
Curd Rice,361,42.31,22.85,11.15,14.3
Vegetable Khichdi,437,94.85,6.64,3.45,13.1
Grilled Chicken,231,7.1,17.98,14.52,11.33
Curd Rice,432,50.72,33.12,10.74,9.93
Vegetable Khichdi,126,9.22,4.46,7.92,11.68
Vegetable Upma,144,0.0,22.59,16.96,13.0
Vegetable Biryani,420,58.89,15.62,13.55,13.28
Idli,322,5.83,32.75,18.63,13.12
Paneer Curry,133,23.33,6.07,1.71,10.88
Vegetable Biryani,129,9.44,10.44,5.5,14.94
Fruit Salad,144,5.31,18.65,5.35,4.52
Egg Omelette,167,1.51,23.52,7.43,10.13
Curd Rice,187,23.47,14.44,3.93,13.76
Paneer Curry,280,4.91,26.91,16.97,7.85
Vegetable Upma,448,52.42,25.42,15.18,9.26
Vegetable Biryani,152,0.0,11.63,13.79,11.45
Grilled Chicken,367,78.47,5.38,3.51,10.87
Rice and Dal,386,21.5,25.9,21.82,7.8
Curd Rice,387,62.04,14.73,8.88,9.89
Dosa,270,16.96,6.96,19.37,7.41
Fruit Salad,345,25.9,22.39,16.87,7.2
Vegetable Soup,209,31.31,18.19,1.22,11.24
Egg Omelette,287,0.0,20.9,23.37,14.32
Vegetable Upma,107,0.0,4.46,20.8,6.79
Vegetable Upma,446,31.23,30.57,22.09,7.66
Vegetable Soup,372,73.9,13.07,2.68,12.33
Vegetable Khichdi,246,14.27,9.52,16.76,2.65
Egg Omelette,328,50.01,16.78,6.76,12.38
Fruit Salad,373,33.79,16.91,18.91,8.45
Vegetable Khichdi,426,45.87,17.14,19.33,12.35
Grilled Chicken,246,8.56,27.42,11.34,10.14
Oats Porridge,120,0.0,22.97,6.87,7.36
Grilled Chicken,143,0.0,28.68,16.91,4.63
Chapati with Curry,104,0.0,14.59,24.92,4.08
Vegetable Upma,180,2.29,21.54,9.41,1.86
Paneer Curry,230,2.44,12.45,18.94,4.83
Idli,293,57.86,11.9,1.55,11.93
Paneer Curry,118,0.0,20.42,24.32,7.38
Paneer Curry,182,9.05,18.63,7.92,14.2
Curd Rice,402,51.95,2.34,20.54,10.7
Curd Rice,320,6.35,26.35,21.02,3.18
Fruit Salad,425,97.31,2.71,2.77,14.72
Idli,223,4.82,23.75,12.08,4.89
Grilled Chicken,254,0.0,33.09,24.51,10.1
Vegetable Khichdi,277,26.89,21.77,9.15,5.62
Fruit Salad,89,0.0,14.05,15.18,12.43
Fruit Salad,244,7.9,17.55,15.8,13.76
Vegetable Upma,239,21.69,3.39,15.41,8.18
Fish Curry,257,48.03,7.92,3.69,3.65
Egg Omelette,374,30.73,23.1,17.63,3.37
Grilled Chicken,147,0.0,32.31,18.22,7.33
Oats Porridge,153,0.0,3.15,20.54,4.06
Grilled Chicken,208,0.0,24.66,15.35,8.53
Fruit Salad,326,13.98,18.6,21.74,2.07
Rice and Dal,90,0.0,11.22,9.12,2.98
Fish Curry,348,74.52,7.44,2.24,4.48
Dosa,254,2.55,8.8,23.18,5.95
Chapati with Curry,400,66.77,4.21,12.9,8.22
Paneer Curry,295,33.88,31.73,3.62,11.5
Rice and Dal,181,6.38,4.22,15.4,5.52
Idli,114,0.0,26.45,13.51,13.25
Vegetable Upma,279,0.0,33.82,17.22,2.1
Fish Curry,392,66.93,24.79,2.79,11.66
Vegetable Khichdi,427,51.35,31.1,10.8,8.96
Vegetable Khichdi,135,0.0,20.44,11.22,12.85
Oats Porridge,212,33.02,9.34,4.73,1.68
Paneer Curry,140,0.0,10.21,20.27,8.13
Curd Rice,356,18.94,20.52,22.02,13.2
Dosa,156,4.94,26.61,3.31,9.73
Egg Omelette,390,78.12,9.82,4.25,12.13
Dosa,445,33.49,29.63,21.39,10.03
Grilled Chicken,80,0.0,28.31,21.15,4.23
Curd Rice,426,90.24,2.04,6.32,7.58
Vegetable Soup,143,0.0,25.27,6.4,5.4
Vegetable Soup,249,0.0,34.93,20.24,9.3
Vegetable Soup,174,0.0,10.73,23.76,3.43
Grilled Chicken,363,75.51,11.64,1.6,8.82
Grilled Chicken,92,0.0,29.69,22.13,9.52
Dosa,215,21.12,25.2,3.3,14.88
Vegetable Biryani,293,9.62,34.87,12.78,8.72
Chapati with Curry,241,28.46,18.29,6.0,10.16
Oats Porridge,185,0.0,14.39,24.04,7.12
Vegetable Khichdi,259,21.36,33.35,4.46,8.9
Fruit Salad,289,26.24,12.71,14.8,3.13
Dosa,158,0.0,17.07,12.84,12.88
Vegetable Soup,107,0.0,11.89,17.7,7.5
Fruit Salad,363,71.19,16.21,1.49,4.36
Vegetable Upma,428,66.8,26.93,5.9,12.51
Vegetable Upma,135,0.0,12.77,11.19,9.73
Chapati with Curry,318,29.94,30.84,8.32,12.07
Vegetable Biryani,186,0.0,24.24,14.95,14.81
Chapati with Curry,236,40.23,5.65,5.83,4.63
Paneer Curry,436,25.82,29.11,24.03,1.32
Grilled Chicken,293,37.33,18.53,7.73,10.37
Fruit Salad,259,21.4,32.75,4.71,8.16
Idli,391,63.11,12.93,9.65,12.94
Grilled Chicken,367,23.27,23.66,19.92,11.35
Chapati with Curry,316,45.3,13.11,9.15,1.03
Fish Curry,190,0.0,28.82,8.37,12.94
Vegetable Upma,320,48.61,18.88,5.56,5.06
Idli,440,37.87,30.71,18.41,4.9
Grilled Chicken,314,9.82,34.19,15.33,9.99
Fish Curry,116,0.0,15.01,18.55,5.04
Paneer Curry,174,0.0,25.37,12.45,7.42
Grilled Chicken,87,0.0,24.98,5.78,14.81
Idli,408,69.27,6.65,11.59,5.62
Vegetable Upma,105,0.0,33.93,15.12,8.78
Vegetable Soup,156,3.66,20.76,6.48,13.74
Idli,310,0.0,31.43,20.59,4.56
Vegetable Khichdi,213,0.0,14.59,20.54,1.8
Curd Rice,190,0.0,14.3,23.69,6.48
Fruit Salad,134,0.0,26.22,3.53,3.74
Curd Rice,401,51.12,23.28,11.49,3.1
Oats Porridge,303,24.74,12.29,17.21,10.86
Idli,187,0.0,30.32,8.92,13.51
Egg Omelette,296,15.42,7.53,22.69,8.59
Rice and Dal,396,23.95,31.71,19.26,13.75
Vegetable Biryani,148,0.0,30.95,8.06,13.63
Fruit Salad,351,46.72,19.59,9.53,9.57
Oats Porridge,179,0.0,18.3,21.54,11.38
Idli,264,19.92,21.19,11.06,11.94
Grilled Chicken,104,0.0,33.86,4.7,10.18
Grilled Chicken,281,32.34,22.12,7.02,12.83
Paneer Curry,334,47.82,19.3,7.28,3.27
Rice and Dal,85,0.0,24.91,11.86,8.93
Oats Porridge,324,26.82,17.62,16.25,10.95
Vegetable Upma,181,2.42,31.22,5.16,2.3
Vegetable Biryani,383,45.12,6.76,19.5,11.41
Rice and Dal,286,0.0,31.85,19.4,5.32
Vegetable Upma,290,14.26,19.61,17.17,1.85
Vegetable Khichdi,183,27.76,8.9,4.04,13.7
Vegetable Biryani,232,9.94,4.07,19.55,12.5
Idli,390,43.79,32.31,9.51,6.33
Fruit Salad,226,0.0,27.08,23.55,3.09
Oats Porridge,272,34.52,24.39,4.04,11.69
Fish Curry,228,11.19,9.18,16.28,10.86
Dosa,198,10.65,16.42,9.97,4.48
Vegetable Upma,231,17.52,3.49,16.33,3.95
Grilled Chicken,166,0.0,23.14,13.55,13.59
Egg Omelette,175,0.0,20.7,21.33,11.24
Curd Rice,335,45.36,14.85,10.46,10.98
Vegetable Soup,303,8.03,21.46,20.56,2.81
Vegetable Soup,195,0.0,6.74,22.39,5.27
Rice and Dal,364,26.07,14.08,22.6,8.13
Vegetable Khichdi,225,3.3,24.06,12.84,6.63
Grilled Chicken,83,0.0,19.0,5.59,10.59
Idli,185,0.0,30.09,21.4,1.97
Vegetable Upma,160,26.23,6.68,3.15,6.97
Vegetable Biryani,383,44.03,11.71,17.78,14.91
Oats Porridge,307,21.66,21.47,14.94,13.41
Idli,102,11.93,10.35,1.43,11.41
Vegetable Upma,297,10.09,10.92,23.66,11.11
Egg Omelette,344,47.63,6.8,14.03,3.15
Dosa,331,54.49,10.42,7.93,6.2
Oats Porridge,84,0.0,19.47,19.38,3.84
Egg Omelette,258,23.93,7.13,14.86,8.27
Egg Omelette,202,17.72,7.81,11.1,8.53
Fruit Salad,185,0.0,24.88,12.3,8.48
Vegetable Upma,379,50.23,30.28,6.33,6.38
Chapati with Curry,124,5.47,20.17,2.38,7.19
Chapati with Curry,333,45.34,20.52,7.73,11.64
Vegetable Soup,99,0.0,15.58,24.6,12.48
Vegetable Biryani,152,0.0,4.72,19.18,5.62
Paneer Curry,434,40.01,29.27,17.43,10.81
Egg Omelette,377,61.01,28.97,1.9,13.97
Vegetable Biryani,405,49.76,15.15,16.15,1.87
Vegetable Biryani,283,21.19,2.2,21.05,5.49
Chapati with Curry,249,39.3,5.09,7.94,7.98
Vegetable Khichdi,323,66.19,4.53,4.46,7.69
Paneer Curry,360,42.03,4.43,19.35,7.38
Oats Porridge,392,40.85,10.8,20.6,4.71
Fruit Salad,361,35.42,5.71,21.83,10.08
Paneer Curry,361,36.69,25.95,12.27,6.99
Paneer Curry,228,9.84,29.77,7.73,12.77
Chapati with Curry,259,56.87,5.25,1.17,11.84
Paneer Curry,418,52.64,18.76,14.71,10.74
Egg Omelette,420,29.3,31.51,19.64,2.57
Fish Curry,428,64.72,17.15,11.17,8.43
Vegetable Upma,430,79.46,21.0,3.13,14.8
Fish Curry,159,0.0,17.54,22.04,2.48
Idli,129,22.25,7.61,1.06,14.62
Dosa,438,88.8,10.51,4.53,6.73
Vegetable Biryani,215,0.0,27.67,18.0,14.42
Curd Rice,209,0.0,17.06,17.67,10.16
Vegetable Biryani,134,0.0,27.26,5.9,7.07
Dosa,189,0.0,13.07,17.6,4.38
Vegetable Biryani,429,93.42,9.4,1.97,12.33
Vegetable Biryani,125,0.0,19.28,20.78,10.36
Oats Porridge,303,25.2,8.21,18.82,11.69
Chapati with Curry,379,33.23,34.36,12.07,11.81
Idli,322,34.35,21.33,11.03,12.25
Vegetable Upma,165,0.0,29.37,5.8,11.05
Rice and Dal,327,30.51,33.15,8.04,9.53
Fish Curry,288,39.28,25.7,3.12,3.42
Vegetable Soup,402,66.11,8.54,11.49,6.73
Dosa,325,10.13,21.03,22.26,4.34
Oats Porridge,414,41.62,24.98,16.4,5.86
Oats Porridge,221,31.39,3.11,9.22,3.94
Curd Rice,447,45.02,22.07,19.85,9.19
Fish Curry,439,50.06,24.48,15.65,1.32
Vegetable Upma,250,51.37,3.01,3.61,13.03
Vegetable Soup,330,74.77,4.22,1.56,10.92
Chapati with Curry,365,58.23,17.29,6.99,9.13
Idli,370,35.98,21.58,15.53,9.67
Dosa,228,0.0,8.14,23.4,5.91
Vegetable Upma,121,0.0,2.68,21.95,9.84
Paneer Curry,298,30.56,3.03,18.18,10.86
Egg Omelette,283,31.62,12.89,11.66,11.14
Vegetable Soup,195,11.74,17.95,8.47,5.86
Paneer Curry,382,13.15,31.16,22.75,12.57
Vegetable Soup,405,53.83,27.21,8.98,9.43
Vegetable Upma,131,19.81,4.39,3.8,3.72
Fish Curry,424,37.78,29.59,17.17,14.94
Chapati with Curry,80,0.0,21.01,1.34,6.99
Chapati with Curry,396,73.91,9.41,6.97,7.57
Chapati with Curry,138,0.0,30.06,21.71,11.8
Fruit Salad,110,0.85,13.13,6.01,3.35
Fish Curry,174,0.0,13.31,24.08,7.06
Paneer Curry,401,72.5,20.28,3.32,13.0
Fish Curry,228,40.44,7.97,3.82,10.0
Grilled Chicken,149,0.0,22.74,13.34,8.5
Fish Curry,283,7.61,30.78,14.38,5.52
Vegetable Biryani,145,0.0,31.09,12.31,8.24
Fish Curry,176,0.0,30.33,11.62,7.35
Idli,226,3.11,4.3,21.82,10.88
Vegetable Upma,390,80.14,3.68,6.08,10.05
Chapati with Curry,272,33.52,20.6,6.17,6.31
Vegetable Biryani,138,0.0,26.74,12.67,11.27
Curd Rice,102,3.2,12.71,4.26,5.45
Rice and Dal,297,57.53,8.44,3.68,8.05
Idli,311,62.16,9.6,2.66,5.55
Chapati with Curry,154,0.0,26.0,6.18,12.15
Fruit Salad,84,7.32,6.3,3.28,8.0
Chapati with Curry,412,56.07,3.39,19.35,3.0
Idli,443,39.33,19.62,23.02,12.35
Vegetable Soup,86,0.0,12.98,24.86,1.4
Fish Curry,82,0.0,25.77,24.35,12.55
Vegetable Soup,182,0.0,27.2,10.12,13.84
Vegetable Khichdi,140,0.0,20.65,24.51,2.0
Curd Rice,273,23.39,11.13,14.99,1.94
Rice and Dal,348,42.57,27.22,7.65,13.79
Egg Omelette,168,12.05,11.23,8.32,13.51
Egg Omelette,125,0.0,21.1,5.63,4.46
Fruit Salad,434,25.76,29.55,23.64,10.75
Curd Rice,254,4.42,34.94,10.73,7.3
Vegetable Soup,292,39.12,7.64,11.66,10.89
Vegetable Biryani,312,0.0,31.05,22.82,8.73
Paneer Curry,133,0.0,31.29,15.42,13.33
Vegetable Upma,335,38.66,2.97,18.72,13.1
Curd Rice,385,56.93,19.9,8.63,12.52
Fish Curry,277,45.14,3.23,9.28,6.42
Vegetable Upma,101,0.0,33.19,12.4,8.96
Chapati with Curry,188,0.0,32.14,10.05,4.64
Vegetable Khichdi,211,15.62,29.59,3.35,7.81
Vegetable Upma,198,8.02,23.3,8.08,10.18
Fish Curry,286,40.88,2.14,12.66,8.28
Vegetable Khichdi,109,0.0,16.13,18.96,3.96
Curd Rice,420,87.48,14.1,1.52,11.82
Oats Porridge,110,0.0,9.08,10.7,3.16
Vegetable Upma,292,21.22,17.42,15.27,8.58
Paneer Curry,377,21.51,22.79,22.2,13.04
Egg Omelette,394,89.92,3.83,2.11,5.37
Idli,83,0.0,34.15,9.09,9.33
Curd Rice,319,16.12,29.0,15.39,5.39
Vegetable Soup,368,38.27,18.14,15.82,13.88
Fruit Salad,122,0.0,20.94,21.5,7.59
Vegetable Upma,197,0.0,7.69,18.99,3.03
Vegetable Upma,360,27.58,26.69,15.88,10.02
Vegetable Khichdi,393,53.9,5.29,17.36,2.13
Fish Curry,153,0.0,25.0,15.29,2.82
Dosa,231,10.12,13.99,14.95,5.48
Dosa,305,46.29,18.24,5.21,6.14
Vegetable Khichdi,128,0.0,30.42,16.23,5.75
Vegetable Khichdi,129,0.0,6.36,16.87,6.39
Vegetable Soup,294,33.2,32.9,3.29,12.55
Oats Porridge,261,21.58,20.7,10.21,4.83
Oats Porridge,321,40.31,8.33,14.05,10.33
Dosa,345,32.07,14.2,17.77,9.13
Oats Porridge,365,52.05,25.29,6.18,9.92
Vegetable Biryani,259,28.4,7.28,12.92,5.13
Fish Curry,431,65.32,25.31,7.61,6.17
Vegetable Biryani,230,0.0,33.31,14.4,1.35
Chapati with Curry,436,68.72,21.02,8.56,6.4
Vegetable Upma,343,23.19,33.4,12.96,1.93
Grilled Chicken,364,49.45,26.45,6.71,2.13
Idli,275,55.76,8.15,2.15,6.77
Dosa,126,0.0,11.69,19.69,14.14
Oats Porridge,244,35.14,20.93,2.19,4.54
Vegetable Upma,134,0.0,30.33,10.57,4.71
Fish Curry,92,0.88,17.22,2.18,5.33
Fruit Salad,95,0.0,21.0,8.75,3.94
Vegetable Biryani,186,18.04,3.06,11.29,11.9
Vegetable Biryani,418,55.35,6.94,18.76,14.25
Vegetable Khichdi,416,25.03,29.31,22.07,9.24
Paneer Curry,159,1.87,6.97,13.74,3.98
Vegetable Upma,105,0.0,9.19,16.68,5.99
Rice and Dal,354,76.49,5.91,2.71,12.84
Rice and Dal,213,0.0,22.36,22.55,12.71
Chapati with Curry,386,73.64,10.94,5.3,13.92
Rice and Dal,334,39.01,32.68,5.25,9.64
Grilled Chicken,347,20.5,22.89,19.27,3.48
Egg Omelette,311,0.0,30.53,23.26,9.62
Paneer Curry,377,78.62,12.39,1.44,4.71
Vegetable Biryani,122,0.0,17.38,13.84,1.34
Dosa,384,20.38,24.37,22.78,12.81
Oats Porridge,297,31.58,2.46,17.87,4.76
Fish Curry,153,0.0,27.29,19.56,8.45
Vegetable Soup,442,72.55,5.48,14.43,10.45
Idli,124,0.0,22.49,24.35,14.86
Idli,204,0.0,17.07,21.89,9.73
Idli,166,3.98,29.04,3.77,13.83
Grilled Chicken,173,0.0,23.5,14.14,8.76
Chapati with Curry,124,0.0,13.11,18.18,2.17
Oats Porridge,236,0.0,33.9,17.18,11.96
Vegetable Soup,377,63.23,14.69,7.26,6.15
Dosa,90,0.0,26.66,13.48,14.51
Dosa,317,43.61,30.67,2.21,13.13
Chapati with Curry,316,67.92,4.8,2.79,3.2
Egg Omelette,86,0.0,4.59,12.08,4.56
Oats Porridge,355,50.98,7.84,13.3,3.34
Fruit Salad,409,62.86,22.99,7.29,10.88
Chapati with Curry,127,0.0,19.98,17.23,9.44
Paneer Curry,224,28.6,7.4,8.89,8.95
Oats Porridge,328,28.75,32.62,9.17,12.45
Curd Rice,293,50.8,6.88,6.92,10.32
Rice and Dal,86,0.0,25.38,13.4,10.98
Vegetable Khichdi,165,6.84,7.93,11.77,14.62
Vegetable Khichdi,107,0.0,11.24,7.05,9.75
Grilled Chicken,208,40.61,2.32,4.03,5.29
Grilled Chicken,242,0.0,20.46,19.64,10.98
Grilled Chicken,299,0.0,30.36,24.51,8.38
Vegetable Soup,86,0.0,17.21,24.68,8.49
Vegetable Biryani,423,34.53,19.34,23.06,3.4
Curd Rice,253,1.55,29.07,14.5,12.22
Grilled Chicken,294,31.4,14.76,12.15,5.17
Egg Omelette,104,0.0,18.41,24.97,8.21
Rice and Dal,145,0.0,33.45,23.84,3.34
Vegetable Soup,158,0.0,27.35,17.24,8.27
Chapati with Curry,176,5.39,32.9,2.54,5.57
Fruit Salad,309,54.48,19.15,1.61,1.51
Rice and Dal,170,0.0,28.08,12.92,7.43
Grilled Chicken,181,0.0,21.22,22.74,3.81
Grilled Chicken,371,35.42,13.23,19.6,1.07
Oats Porridge,264,0.0,29.15,16.95,13.19
Oats Porridge,181,0.0,30.36,22.92,10.24
Vegetable Biryani,268,17.55,5.89,19.36,1.76
Egg Omelette,218,0.0,34.83,23.37,12.86
Chapati with Curry,317,22.73,20.65,15.94,2.79
Dosa,113,0.0,20.83,20.5,10.4
Vegetable Biryani,412,45.25,27.15,13.6,2.89
Vegetable Biryani,265,2.88,29.06,15.25,14.21
Vegetable Soup,419,39.63,18.77,20.6,2.9
Dosa,369,43.78,34.41,6.25,4.83
Fish Curry,212,16.55,8.41,12.46,8.52
Vegetable Soup,360,38.82,24.47,11.87,10.11
Dosa,203,29.16,2.69,8.4,8.3
Oats Porridge,180,0.0,32.53,22.19,11.29
Vegetable Biryani,148,0.0,28.04,5.6,1.88
Vegetable Upma,149,0.0,31.3,11.45,13.74
Egg Omelette,370,67.28,5.47,8.78,3.37
Curd Rice,442,42.87,17.66,22.21,12.79
Rice and Dal,260,41.66,16.23,3.16,2.85
Vegetable Upma,208,0.0,7.38,22.2,10.93
Egg Omelette,450,97.13,3.42,5.31,2.68
Grilled Chicken,406,71.95,9.57,8.88,12.14
Grilled Chicken,265,11.05,25.66,13.13,14.9
Vegetable Upma,406,54.37,24.63,10.0,13.79
Idli,280,19.51,20.27,13.43,3.5
Fish Curry,339,31.39,7.48,20.39,6.29
Curd Rice,126,0.0,5.5,15.64,11.22
Grilled Chicken,136,1.96,2.2,13.26,3.54
Paneer Curry,213,24.5,22.77,2.66,9.87
Egg Omelette,352,34.27,18.0,15.88,12.01
Fruit Salad,434,32.92,19.69,24.84,5.8
Dosa,405,69.32,13.57,8.16,13.07
Curd Rice,213,3.2,10.32,17.66,2.56
Fish Curry,204,0.0,9.51,23.16,14.75
Curd Rice,223,0.0,33.04,18.76,10.94
Idli,160,0.0,31.24,17.97,14.26
Rice and Dal,333,30.26,6.8,20.53,12.88
Vegetable Khichdi,298,9.98,9.98,24.24,12.16
Vegetable Biryani,84,0.0,21.07,19.72,1.17
Idli,220,18.7,24.89,5.07,2.28
Curd Rice,425,48.48,34.71,10.25,10.79
Vegetable Upma,341,29.32,19.03,16.4,8.97
Oats Porridge,287,45.73,18.06,3.54,14.36
Grilled Chicken,111,0.0,30.63,5.93,2.28
Dosa,163,0.0,21.39,10.25,4.48
Vegetable Biryani,222,33.41,12.12,4.43,9.0
Egg Omelette,357,49.7,20.92,8.28,6.84
Curd Rice,376,42.14,3.19,21.63,9.61
Grilled Chicken,145,18.23,9.29,3.88,12.86
Vegetable Upma,168,30.66,2.84,3.78,14.85
Fruit Salad,92,0.0,32.36,3.69,10.36
Oats Porridge,303,34.6,29.25,5.29,9.54
Egg Omelette,442,72.65,23.56,6.35,7.0
Egg Omelette,228,2.85,32.39,9.67,11.58
Vegetable Khichdi,229,10.51,2.53,19.65,6.15
Vegetable Upma,259,15.61,29.81,8.59,13.53
Vegetable Khichdi,420,37.63,27.75,17.61,1.73
Vegetable Khichdi,161,4.75,18.35,7.62,2.77
Fish Curry,231,0.0,20.11,18.74,8.5
Vegetable Biryani,235,19.24,14.85,10.96,9.37
Vegetable Upma,212,0.0,27.49,22.13,1.87
Grilled Chicken,136,0.0,4.45,20.62,6.28
Vegetable Upma,390,47.11,8.83,18.47,12.4
Vegetable Upma,372,49.52,25.16,8.14,8.21
Vegetable Khichdi,425,78.79,23.05,1.96,9.56
Paneer Curry,146,0.0,15.39,24.63,8.03
Oats Porridge,442,69.76,4.49,16.11,3.18
Fish Curry,411,46.27,3.69,23.46,14.94
Grilled Chicken,331,70.0,8.32,1.97,4.11
Fish Curry,267,16.94,24.61,11.2,14.02
Chapati with Curry,264,0.0,19.69,24.05,9.67
Idli,438,41.97,34.21,14.81,6.79
Vegetable Upma,369,66.8,5.74,8.76,7.98
Vegetable Upma,388,42.67,7.98,20.6,6.62
Fruit Salad,213,8.92,19.08,11.22,4.31
Curd Rice,190,0.0,14.4,20.95,3.54
Dosa,200,26.25,20.02,1.66,10.89
Curd Rice,120,0.0,23.57,18.79,6.36
Vegetable Upma,215,18.79,3.66,13.91,9.01
Grilled Chicken,390,11.23,33.89,23.28,13.18
Oats Porridge,122,0.0,29.26,15.69,4.87
Grilled Chicken,289,33.64,19.01,8.71,14.7
Oats Porridge,299,0.15,25.66,21.75,9.26
Vegetable Biryani,176,0.0,30.23,22.97,7.75
Paneer Curry,118,0.0,34.17,6.86,4.34
Egg Omelette,285,48.01,6.57,7.41,6.17
Vegetable Biryani,284,12.17,30.21,12.72,7.51
Oats Porridge,229,0.0,33.93,19.65,7.82
Vegetable Upma,383,66.92,19.18,4.29,14.86
Dosa,84,0.0,2.6,10.06,6.3
Paneer Curry,181,0.0,33.77,19.54,14.59
Vegetable Khichdi,267,21.6,30.21,6.64,7.1
Vegetable Upma,278,5.79,23.32,17.95,4.23
Vegetable Biryani,231,4.25,31.41,9.82,6.96
Vegetable Khichdi,162,7.55,12.56,9.06,11.75
Curd Rice,283,29.16,29.31,5.46,3.92
Dosa,435,76.21,9.7,10.15,8.43
Egg Omelette,450,85.74,21.99,2.12,3.53
Fish Curry,268,29.06,27.75,4.53,6.08
Vegetable Upma,159,0.0,29.98,24.22,10.24
Vegetable Soup,301,22.91,10.69,18.51,4.93
Vegetable Khichdi,156,0.0,27.97,12.11,1.4
Oats Porridge,252,2.91,32.95,12.06,7.63
Dosa,126,0.0,28.85,1.69,13.33
Vegetable Soup,233,0.0,34.91,21.5,13.1
Vegetable Soup,276,39.87,13.29,7.04,10.26
Fish Curry,195,0.0,9.25,18.32,6.31
Dosa,332,53.72,15.11,6.3,11.92
Egg Omelette,340,12.67,20.56,23.01,14.92
Rice and Dal,247,28.09,25.4,3.67,3.57
Vegetable Upma,409,59.64,3.71,17.29,14.95
Fruit Salad,284,50.73,16.04,1.88,10.13
Vegetable Soup,276,10.74,25.07,14.75,10.86
Vegetable Upma,272,26.42,17.55,10.68,6.72
Curd Rice,438,67.97,34.2,3.26,12.88
Fish Curry,308,0.0,32.9,20.3,14.65
Grilled Chicken,407,38.79,24.71,17.0,5.44
Oats Porridge,175,15.72,12.37,6.96,5.5
Dosa,200,7.1,10.75,14.29,3.41
Oats Porridge,400,77.66,4.77,7.81,11.63
Grilled Chicken,80,0.0,27.13,3.56,2.8
